<?xml version="1.0"?>

<root available-locales="en_US" default-locale="en_US">
	<dynamic-element name="content" type="text_area" index-type="keyword" index="0">
		<dynamic-content language-id="en_US">
			<![CDATA[
				<p><img alt="" src="[$FILE=LunarSpelunkingBanner.png$]" /></p>
<br />
<h2>Lunar Caves and Tunnels</h2>

				<p>If you're an explorer at heart, look no further. The Lunar Resort offers guided tours through the many caverns and tubes beneath the Lunar surface. If you'd like a little less hand holding you can go spelunking through some of the caverns on your own. Manifest Destiny is the name of the game, and the Lunar landscape is vast and beautiful. For the kids, we have a treasure hunt available that will take you to all the major landmarks.</p>
			]]>
		</dynamic-content>
	</dynamic-element>
</root>